,isbn,ratings_count,reviews_count,text_reviews_count,work_ratings_count,work_reviews_count,work_text_reviews_count,average_rating
0,1594634025,4832,8435,417,2082071,3313269,109917,3.92
0,1501173219,4375,10744,565,1005586,2142471,75056,4.33
0,0525431888,71,155,7,737540,1064380,29077,3.84
0,1466850604,631,1480,150,680040,1319418,63407,4.58
0,1440697663,1491,1922,330,2141308,3031266,84485,4.47
0,1476738025,13742,26468,2200,556000,986602,64015,4.36
0,144947425X,14806,23508,1601,332834,711555,27521,4.08
0,0425274861,6879,10800,792,736511,1276316,45566,4.27
0,0425284697,314,515,50,362806,809140,30945,4.37
0,1501132954,9381,26152,991,363638,730533,28744,3.7
0,0735224307,398,609,95,685205,1457380,51647,4.1
0,0307272117,15966,20449,3082,2582981,3716929,68479,4.14
0,038549081X,11,42,1,1436919,2646668,69848,4.11
0,1101967684,344,711,36,76249,143621,5867,3.85
0,1455520667,59,114,23,111329,218143,9818,4.15
0,0307887448,33521,76595,6045,846639,1419756,86590,4.26
0,1524797154,471,778,71,95760,187655,8507,3.75
0,0440335167,4,12,1,812455,1477027,45189,4.23
0,1449486797,123636,321655,8656,137067,351082,10271,4.16
0,0385514239,146739,305239,15463,252133,495214,23835,3.86
0,1101883081,4706,11062,565,206760,500577,18014,4.28
0,1501120603,1284,2306,229,414832,818704,37669,4.31
0,0345803574,82905,129111,5705,113881,174969,6487,4.11
0,0765388111,1842,4144,323,111533,209501,13161,4.35
0,125016561X,151,243,48,363073,778639,36575,4.34
0,0385542364,221102,561223,19420,283638,685051,24524,4.03
0,034554496X,104,172,35,260815,533873,25170,4.34
0,1455520691,2015,8889,353,66630,163159,5816,3.92
0,0062409875,54,96,17,229380,575055,29495,3.31
0,0062678418,103959,254219,14338,438153,920085,41248,3.94
0,1501175467,1333,2982,190,789789,1398689,25068,4.24
0,1455520608,315,2126,29,67689,150073,5722,3.96
0,0446573043,96,180,14,53077,83160,3121,4.1
0,0399593500,346,664,36,61409,114773,4337,4.07
0,0385541171,45633,79484,5082,72570,138315,6487,3.62
0,145558648X,36,53,3,68493,122851,4300,4.2
0,0735211221,2158,18957,238,274985,680620,23421,3.57
0,0964729237,445495,632356,29220,533381,785813,32993,3.78
0,142996023X,302,555,73,147850,268353,11940,3.99
0,0345527593,382,624,119,259730,425630,20860,3.99
0,1455586587,174,376,9,54787,99305,3479,4.16
0,1455521167,288,1291,34,45456,76943,2898,4.16
0,0547416113,402,622,75,1326754,2062993,47112,3.91
0,0804178828,550,1403,58,54213,92311,3739,3.97
0,110198760X,348,664,47,61147,127277,5007,4.2
0,0062414216,126598,275349,12690,153290,316527,14227,3.42
0,1455586501,216,1181,26,36364,62720,2141,4.18
0,031640716X,15,25,0,18790,43307,1176,4.04
0,1455586439,313,1278,34,41623,71558,2683,4.16
0,1101989750,229,503,22,33776,65492,2802,4.0
0,0385354290,367,737,73,136721,268610,13012,3.77
0,0440245117,812,1798,143,60491,96850,5983,3.85
0,0385543980,64,99,14,34284,98246,2559,4.09
0,052595497X,37001,101564,3734,68184,167170,5352,4.2
0,1250069815,146,246,44,232147,539259,19494,3.57
0,0446401315,177,298,18,151387,269042,7660,4.0
0,0804178755,586,1170,57,58788,97792,3882,3.95
0,145552123X,33,54,11,44057,75689,2668,4.08
0,1455521280,70,131,14,54960,86884,3187,4.09
0,031612723X,103,200,17,34337,59798,2622,4.01
0,125013093X,34,54,9,216459,456396,21535,3.84
0,1616207604,141,244,42,250258,592840,22144,3.96
0,1455586633,4,12,0,34509,71527,2168,4.15
0,0345543017,254,483,26,41467,77311,3925,3.82
0,0812998618,154,313,53,161849,352307,16563,3.48
0,1250072689,710,1635,76,39627,70149,4010,3.94
0,1501111671,34412,81341,3735,46332,105041,5004,3.92
0,0440246326,669,1408,84,60344,99516,4202,4.05
0,0307351939,538,873,132,434603,731701,25440,4.01
0,0316210692,74,179,19,22176,47719,1637,3.89
0,0345527704,19425,40413,637,73967,121201,5171,3.96
0,0446573078,106,184,11,43874,67494,1943,4.14
0,0316069388,171,279,28,56818,82733,3103,4.19
0,0316225916,15,25,3,46620,93543,3449,4.26
0,0451494334,14,25,2,62054,123977,5159,3.77
0,0316225975,57,98,10,57643,112581,5082,4.05
0,0316225959,24,46,3,55979,92179,4000,4.33
0,0316407143,20,38,3,23510,46538,1872,4.23
0,1476770387,76600,136034,8418,98523,172673,10676,3.78
0,1476754462,226,347,54,235986,471017,16613,3.97
0,0316211281,20,38,3,33778,67608,2266,4.02
0,0316210927,24,58,4,20698,43910,1881,4.08
0,0316097551,48,174,6,21256,39489,1457,4.02
0,1101988843,157,315,18,18981,39224,1653,4.29
0,031655345X,12,21,2,29354,60487,1722,4.08
0,0399593594,314,657,32,15204,34953,1354,3.94
0,0553448129,130231,325480,15436,170958,411887,19989,3.66
0,0399179194,1588,2484,250,37396,74667,3932,3.77
0,1501101749,33,55,11,26838,50565,2433,3.76
0,0316375209,32,54,6,58452,141344,4439,3.88
0,0316464147,18,32,5,20670,48723,2131,4.24
0,039360909X,29742,131223,3876,208023,510969,19452,4.09
0,0062416219,66,117,9,2075010,3408418,79781,3.87
0,1459295366,3,7,1,14881,26277,657,3.8
0,1501129740,64337,167916,6157,87543,204052,8079,4.08
0,0698404173,64,109,22,76389,151462,5600,3.93
0,1476783470,21,46,2,19316,36269,1160,4.25
0,1476717176,13,24,1,11958,21600,741,4.17
0,0316211249,15,35,4,18873,33594,1176,4.11
0,0698148630,52,127,19,46165,81692,3929,3.97
0,0440246318,1032,4954,105,63435,103842,3985,4.02
0,0316128651,875,1247,124,886392,1298626,41385,3.84
0,141659521X,26365,39151,1357,32401,49428,1505,4.35
0,0316206814,26,79,4,21197,41003,1356,3.85
0,0399157867,21748,36787,2214,27426,46595,2587,3.96
0,1439102724,71385,123851,6075,79288,137713,6871,3.78
0,073521736X,18,30,4,17838,33388,1429,4.37
0,1101883960,99,202,16,7893,17786,602,4.2
0,150116340X,47486,169124,5256,62734,207004,7059,3.73
0,0316553476,23,56,5,15924,42110,1318,4.01
0,1250123100,50,77,15,29847,79557,2983,4.11
0,1455585300,131,308,12,12635,28786,843,3.9
0,0316433179,618,1160,77,14615,34097,1317,3.63
0,0425285421,156,334,29,9512,19478,796,3.86
0,0812989074,92,149,29,109903,216456,12669,3.52
0,006242906X,92,165,26,172995,415140,16252,3.99
0,0062294415,21254,44717,3318,33617,69717,4909,4.34
0,110161434X,11,30,2,28762,52470,3278,3.93
0,0345535111,50,102,19,535,2276,94,4.14
0,0316211117,17,38,1,13705,26440,848,3.9
0,0316211060,30,96,10,16867,32329,1810,3.57
0,0316069442,69,110,14,47392,72023,3055,4.13
0,0316199893,39,93,11,32234,57918,2227,3.94
0,0446571857,881,1485,253,128674,229288,12345,3.7
0,1439180962,11194,20021,1082,14076,25520,1345,3.81
0,0517580519,22629,40342,2877,28062,50243,3334,3.32
0,0553908111,114,180,24,40678,73611,2793,4.17
0,0316274046,967,6673,98,24549,71110,1560,3.91
0,1501171690,17,33,6,15396,35099,1581,3.75
0,0316395587,5,7,0,10445,27636,642,4.09
0,1501131125,143,288,23,11874,26168,1189,3.65
0,1455559512,7612,14569,988,14333,40683,1500,3.78
0,0735215898,194,424,27,6114,13162,351,4.12
0,0698407113,18,22,4,16505,32707,1434,4.18
0,1455572071,3,7,0,45,177,2,4.04
0,1476783543,20,38,1,12906,27120,726,4.29
0,0399163859,15718,28780,2760,27756,52154,3418,3.98
0,0062354361,15110,22245,1089,28692,51115,1674,4.3
0,1250123135,418,1602,32,20102,38833,1657,4.41
0,1476789401,14,32,0,9543,20226,647,4.19
0,0062473352,1224,3654,171,26767,55061,3191,3.78
0,031629019X,8,16,2,9735,21281,578,3.98
0,1466872926,20,47,8,26427,52515,2262,3.74
0,1250109310,82,146,28,55752,141035,4751,4.1
0,0316408999,4,16,0,10958,23123,677,3.85
0,0425280101,18176,38566,1577,27568,57285,2196,4.01
0,0316349925,185,233,58,162837,281196,13877,4.21
0,1455581178,11,24,1,23190,44460,1813,3.95
0,0316407186,9,19,1,15878,31805,1128,3.97
0,0345534190,170,479,47,69489,144721,7677,3.93
0,034552778X,106,165,23,32899,55084,2809,3.79
0,0399173358,4823,10045,368,8891,16545,505,4.24
0,0399167447,9083,17289,1716,11809,21675,1889,4.26
0,145552977X,15,27,0,10587,24122,785,3.68
0,0698163478,151,211,47,130712,263964,10806,4.18
0,0345548418,48,116,10,11068,19214,832,3.96
0,031621101X,31,73,4,18410,35191,1146,4.06
0,1569479828,90,153,20,31744,74512,3259,3.61
0,0440334861,7,10,0,372423,607679,12154,3.84
0,0778312518,8359,15156,386,10321,18638,482,4.15
0,0061758221,99,184,16,10274,18692,726,3.94
0,1416586768,45,80,11,18506,28705,737,4.27
0,0316097373,29,78,7,11978,22513,1330,3.37
0,0553901133,108,200,32,53828,102924,2352,3.96
0,0525505318,827,1338,92,327118,642636,24729,3.78
0,1250126096,6,17,2,18127,43598,2124,4.01
0,1250099676,24,32,7,31119,67913,3733,3.83
0,0316513229,461,848,54,10861,31217,863,3.89
0,125016155X,7,21,1,17339,37442,1552,4.29
0,076532637X,76759,140163,5376,120167,236489,7966,4.61
0,0525435921,130,281,20,108388,182989,8299,4.01
0,1476716757,52,96,14,71629,191515,7876,3.62
0,031627397X,7974,17633,751,14675,35552,1000,3.99
0,0735225117,8940,17712,1339,17698,34627,1858,3.89
0,0316395455,700,1197,145,9020,22444,1269,3.26
0,1501156004,75248,147749,6520,105661,221609,9410,3.53
0,0399184015,272,679,26,5544,10809,340,4.24
0,0553392697,24,50,8,20536,46025,2385,3.68
0,0062311158,2327,14630,218,18083,47445,1866,4.43
0,1420136070,213,1691,32,3747,10361,319,4.03
0,1501115073,4695,10503,737,151322,367164,20599,4.05
0,0425285057,78,136,25,119391,250838,10474,3.69
0,0345531116,255,536,32,8994,19454,599,3.84
0,0425280128,10086,21576,922,17551,35759,1283,4.24
0,1455568139,3,6,1,7333,18141,505,3.79
0,031627402X,9222,21437,1371,12886,27802,1609,3.83
0,1501150316,12,42,1,7363,17513,616,4.06
0,1101885572,3,13,2,6711,13559,481,3.92
0,042528011X,11230,23863,935,18568,37264,1245,4.15
0,0345545966,10788,25860,1787,15952,36474,2264,3.6
0,1451617836,22,41,6,35586,75149,3191,3.75
0,0061957658,54,95,20,31058,60342,3394,3.58
0,0062107313,31709,72758,4251,38601,85588,4785,3.64
0,1781162646,102384,181035,10370,114769,201217,11786,3.91
0,1429997176,117,176,32,106306,159176,6006,4.52
0,1476711100,9760,17061,621,11483,19402,653,3.71
0,1455546348,11,27,1,12926,22318,757,4.01
0,1101884037,209,365,24,5542,14456,441,4.0
0,0062390821,849,2839,142,12047,28033,1201,3.82
0,1420136135,162,3263,43,2065,9517,208,3.91
0,0399176624,5536,9554,772,10909,22267,1044,4.21
0,1101884096,260,462,38,7781,18398,675,4.09
0,0735215537,213,400,30,4542,10400,281,4.21
0,1101884002,236,429,37,5960,14363,500,4.05
0,0451488512,316,904,69,6817,15216,980,4.21
0,145553692X,2,4,0,128,571,7,4.35
0,0062430262,73733,159593,6359,114814,308286,9702,4.09
0,0345546784,43,73,18,26542,68327,2806,3.95
0,039957557X,152,345,26,4840,10703,301,4.28
0,150117164X,6091,12864,638,9793,22221,821,3.97
0,0399583971,154,324,20,2964,7445,283,4.28
0,1101946156,24748,65568,4349,31732,82998,5538,3.44
0,1101884061,375,960,64,7215,18267,589,3.91
0,1250066190,28681,69189,4003,40061,93183,4793,4.3
0,0345531086,4197,9118,566,8485,18572,746,4.01
0,0735215863,268,522,41,5247,11692,347,3.99
0,0062390783,684,2478,92,12669,28176,1145,3.55
0,110188391X,240,474,30,6838,15818,426,4.04
0,1250099587,25,43,13,25217,53303,2683,3.78
0,037378970X,120,776,11,1549,4215,142,4.02
0,0399176616,5292,9125,718,10372,18944,896,4.26
0,110188388X,2625,6160,323,5964,13304,429,3.87
0,0812995341,96381,256353,15722,120369,312799,19397,3.75
0,1250121019,41,67,15,294135,616566,26049,3.95
0,0345543866,47,101,5,22583,48790,1969,4.18
0,0399176802,2617,5891,287,5291,11076,379,3.76
0,0316317128,3555,8586,473,5026,10877,599,3.64
0,0804177643,122,251,26,45481,100533,4910,4.2
0,0307270645,9721,32704,1619,12900,37744,1810,4.08
0,1466862610,11,29,4,10018,21082,890,4.05
0,0385531397,39,85,10,13765,22027,1360,3.68
0,1455536369,15,30,2,11549,23074,972,4.03
0,1466842040,19,43,6,21432,40641,2532,3.79
0,1101965495,888,1522,201,15382,28938,2231,3.72
0,1460330196,27,70,12,195014,391658,15016,3.81
0,1501108557,8530,17015,918,12575,24919,1144,3.99
0,1455525936,3,14,0,87,212,3,4.22
0,034551162X,2387,8343,375,25792,51598,3274,3.23
0,0374239215,32852,81233,3718,41255,96588,4496,3.62
0,1460382072,19,33,3,6416,13414,484,4.12
0,0698161440,50,87,7,18506,39216,1541,4.36
0,0307962520,15602,51333,2088,20247,59895,2469,3.8
0,0385352107,80336,141209,6722,130065,225873,11183,3.85
0,0062316877,48,97,27,18207,47641,2133,3.87
0,1455525855,64,130,20,23092,39567,2111,4.07
0,1460317971,65,108,7,9829,17654,625,4.07
0,1460315065,95,199,18,11807,20231,696,4.09
0,1439112827,47,78,7,19015,36398,1396,3.89
0,1476712999,329,418,103,165745,284837,11870,4.2
0,0345538811,38,67,12,12701,21653,945,3.89
0,034553865X,6,47,0,5890,12516,609,3.85
0,0446576468,210,307,50,32062,65815,1987,3.92
0,1451658907,4451,20120,525,65589,136060,5188,4.15
0,0679644687,1,1,0,192479,327894,12804,3.94
0,0312364431,1350,6411,186,92637,185231,8562,4.18
0,0684867311,6,35,0,479495,650604,14765,4.04
0,0446554987,787,1386,108,23199,35815,1435,4.07
0,045146379X,72066,103548,3676,82660,118980,4267,4.25
0,0345526600,165,269,29,35068,57666,1940,4.12
0,0316175579,116,218,18,36670,66576,2305,3.9
0,0385343140,6689,12388,658,9203,16939,814,3.7
0,0373775555,3325,5808,236,3805,6812,263,4.05
0,0778329313,10252,17181,426,12141,21450,531,4.31
0,1501180983,122817,342910,11184,181798,496464,17544,3.98
0,1501193317,17,32,8,5929,21497,746,4.12
0,0525521194,3399,33845,528,35322,114306,4683,3.61
0,0399586091,20,29,8,4012,10116,549,3.96
0,0062696815,45,83,15,47242,116145,4807,3.55
0,0440339340,61335,87581,2550,77415,115202,3342,4.21
0,1466887249,4,12,1,3195,9586,368,4.12
0,0345803787,19573,39303,3313,327247,635817,29582,3.85
0,1488023557,0,0,0,6636,17092,592,4.15
0,0062433970,8236,30472,1540,10557,42912,1821,3.78
0,1501154664,94,178,30,196160,458991,17110,4.03
0,1501138219,5,17,2,4464,16178,571,4.08
0,0316556343,260599,717491,29788,321398,837952,37224,4.27
0,0062391941,2522,4137,456,5363,12890,708,3.96
0,0525533222,20,36,5,43508,148366,4711,3.59
0,0345548558,30,38,5,10483,24812,1205,3.97
0,0062436651,6647,12265,919,10400,20715,1201,4.21
0,0062468871,21,40,4,3981,9326,394,4.29
0,069841165X,23,38,6,12876,31208,1690,4.19
0,1250140234,5,14,1,7418,17290,856,4.01
0,0802165613,7,13,2,5447,10063,555,3.89
0,0735212783,77,156,11,1523,3370,152,3.48
0,1524797111,538,3866,107,5979,15863,896,3.96
0,006241903X,22,47,8,7835,16133,925,4.1
0,0399593675,3,10,1,11943,41805,1448,4.32
0,0062371894,10080,20397,1271,15654,36620,1871,4.06
0,1488079021,2,5,0,2577,6150,294,4.57
0,1420146408,68,1153,10,859,4737,50,3.83
0,045148892X,3,6,1,7165,14670,411,4.37
0,1501140108,24,34,5,12873,28170,1054,4.15
0,1420143174,119,783,34,1414,4290,172,3.97
0,0345540018,43,63,14,15303,32332,2157,3.97
0,0062741810,26,62,8,4618,10647,642,4.03
0,1488023689,15,16,3,7031,15780,807,4.03
0,0425285928,6238,25941,638,43728,126800,3822,4.23
0,0735213186,116991,327630,12517,148165,406798,15284,3.72
0,1501176854,6,17,1,6862,16241,904,4.22
0,0399585265,45,58,15,6498,14961,664,4.08
0,1501126067,82642,227652,10625,101303,287200,12573,4.02
0,0062654209,175,298,54,233706,542957,20270,4.27
0,006238175X,24,32,6,8674,19335,785,4.2
0,0316332828,21453,44841,1484,34735,70276,2073,4.37
0,1101883979,216,436,38,5020,12086,541,3.71
0,1538759659,6,8,0,5914,16382,461,3.58
0,0399586075,25,36,9,5845,12745,723,4.02
0,1501172034,558,1299,101,6186,11411,853,4.2
0,1451687621,2264,6327,277,3093,8589,333,4.25
0,0062389483,20,42,7,6149,13431,864,3.81
0,1250163307,4174,8435,529,4812,10001,596,3.88
0,0373803729,70,698,18,1175,3515,135,3.95
0,0735217165,2,5,0,4061,9322,267,3.88
0,1466887230,1,12,0,2880,8790,369,4.04
0,1501137492,55,104,18,63641,164970,7189,3.96
0,1501170635,94,151,38,53719,154048,6723,3.9
0,0316435481,13643,25913,1265,20904,46415,1702,4.03
0,0373803680,1115,3049,246,2707,7434,369,4.19
0,0062468863,25,37,11,4070,9228,387,4.17
0,0399183736,4952,10358,939,7715,16420,1139,4.33
0,1460398858,1,1,1,1950,5037,217,4.04
0,1501178326,1199,5880,210,8398,21938,1260,3.35
0,1501138111,13,28,5,7615,18912,710,4.14
0,0399575553,6,17,0,5011,10308,356,4.08
0,0698166612,4,12,0,2983,6639,299,4.02
0,1501180800,114,248,5,74288,132461,3504,4.23
0,0698157540,11,18,3,6676,13414,834,4.26
0,0062657569,2378,4050,358,4756,11022,531,4.13
0,0735211191,8,18,0,38163,118488,6521,3.62
0,1488028443,27,34,10,7463,18599,748,3.79
0,0062349074,120,176,48,28608,56845,4258,4.02
0,0345543890,23,36,2,15535,32765,1436,4.2
0,1250099730,6,10,1,7871,17520,959,4.05
0,0316229253,107,153,20,67820,132550,6580,4.34
0,1616203943,244,346,102,200561,359905,27369,3.99
0,1476758786,13,32,6,16578,56885,1554,3.81
0,0316504831,23,32,5,9922,26791,649,3.79
0,0399594612,12,21,3,5931,19893,608,3.69
0,1478971630,257,581,38,2770,7305,239,3.66
0,1460399986,1,6,0,2564,5961,301,4.54
0,1466887346,5,11,1,3531,10311,397,4.11
0,1429967234,263,374,70,143512,287510,12645,3.88
0,1488023220,5,10,1,6299,16730,852,3.76
0,0440336058,84,154,14,64748,101677,2705,4.15
0,1101634618,202,351,59,328914,715193,30943,3.86
0,039959342X,672,1312,104,9571,34570,919,4.25
0,0525509712,33494,80805,3472,58218,149649,6038,3.95
0,037379939X,1376,3544,226,2180,6067,278,4.11
0,0062379461,6834,13616,1002,9592,19237,1417,3.92
0,0553392751,23,41,4,11883,24033,1198,3.62
0,1501125516,8,21,0,8234,19954,866,4.08
0,0062319221,2058,4721,320,6798,16897,995,3.63
0,0062664425,22,34,6,18744,36763,2142,4.09
0,1101987812,101,125,29,13430,29394,1467,4.26
0,0735217130,6,14,0,3951,8393,319,3.82
0,1451687591,5499,14048,386,6747,17287,467,4.18
0,0062388185,8256,16217,970,11942,23449,1349,3.87
0,0062289268,116,167,37,27796,51615,2616,4.52
0,0778330222,171,544,22,2506,6200,252,4.17
0,0062410199,11,29,3,2835,7839,318,3.61
0,1455553522,3,5,2,5458,17830,695,3.66
0,0062129406,25,48,8,29236,63057,3790,3.61
0,0698193628,29,45,11,7464,22354,968,3.8
0,0316469742,11,23,2,7196,19416,425,4.1
0,0316438839,3,9,0,4544,10471,247,3.75
0,0698413067,5,10,1,3601,7093,393,3.88
0,0812989422,25,43,6,42956,123100,5344,3.75
0,1466887222,12,23,3,3481,10008,459,3.84
0,1501120565,29,49,12,9679,21119,909,4.35
0,1501160788,180,360,67,207187,489451,24788,4.25
0,0399574212,7,13,1,3895,8997,305,3.84
0,1460396618,15,20,4,6669,17946,639,4.13
0,0385350910,23,37,6,32005,78369,3533,3.85
0,1455536393,3,10,0,9065,21060,837,3.87
0,0345511271,734,1341,82,25934,59049,2507,4.27
0,0062391895,18,22,8,5599,11037,772,3.99
0,0698192982,13730,33232,1611,20783,46931,2403,4.31
0,1466862629,17,26,2,7805,17683,753,4.08
0,0802189458,1,4,0,6690,11677,836,4.01
0,0062468855,27,39,7,4448,9975,426,4.13
0,1501110810,12,23,3,4315,8421,462,4.01
0,1501150359,17,31,4,5347,13786,629,4.06
0,0399575618,2,11,0,4299,9196,346,4.02
0,0062436619,7883,13883,1053,11810,21679,1353,4.16
0,0698195817,110,132,33,32852,62351,3046,4.41
0,0698176197,26,49,9,4895,11883,543,4.02
0,0698190459,85,104,23,18501,37090,2006,4.31
0,1250105277,4,9,0,1925,4974,119,4.3
0,0062425250,15,24,4,6404,12719,600,3.97
0,146039643X,13,26,1,7109,16450,703,3.87
0,0062371908,98,142,34,23297,50785,2758,4.08
0,1101966963,7288,17923,725,9624,21947,917,3.8
0,0778319814,47284,119939,4982,61492,150541,5843,4.03
0,0698406850,12,18,5,8307,15219,450,4.43
0,0062389467,12,21,4,4220,9251,546,3.95
0,0062273620,2579,5321,263,4077,10393,373,3.93
0,0062448072,4598,8921,630,6567,12863,824,4.04
0,0425284360,49,65,14,17614,50446,1825,4.38
0,0996839445,3074,6832,399,5483,12478,611,4.48
0,0345459504,79,132,15,22377,45612,1507,3.7
0,0451488024,180,835,25,1699,4330,197,3.84
0,1627795952,36,72,12,24077,57578,2959,3.99
0,0062381709,33,88,4,10613,24531,849,4.04
0,0698193288,2495,7273,217,18445,43147,1678,4.41
0,0385353790,4662,22650,717,6956,27682,921,3.81
0,0062250825,1,4,0,13995,26593,860,4.43
0,140006595X,9218,19542,1917,17120,37775,2836,3.63
0,0345511492,10364,20262,1180,14120,26502,1603,3.73
0,1501119818,4454,8205,673,5143,9517,728,3.91
0,1466867515,2031,4655,334,22482,39572,1784,4.3
0,0451477790,4825,10351,743,7881,16460,993,3.79
0,1429952113,27,57,1,2984,5672,226,4.2
0,006246356X,3186,6171,430,4737,8798,602,3.67
0,1250105102,5,16,1,2121,5288,163,4.23
0,0316361534,4,8,2,4257,8514,441,3.59
0,0316251313,10,34,1,33759,69053,1764,4.35
0,1451687567,3085,7157,421,3919,9130,474,4.21
0,1466887338,7,14,2,3235,8300,331,4.05
0,1101871369,4,7,1,9661,17927,1328,4.08
0,0553391747,7078,12764,1202,9936,18508,1574,3.91
0,0316261157,15,19,2,22697,45403,1576,3.87
0,1459294947,10,20,2,2701,6859,322,4.13
0,1460395921,9,23,5,2090,5752,221,3.97
0,161773229X,4026,9141,498,6131,15236,700,3.51
0,1460395956,10,20,1,6405,15166,619,3.91
0,0062316079,24,39,4,5686,12164,465,4.15
0,0345539982,70,91,21,17970,33768,2514,3.98
0,0385542070,28,63,0,43350,103029,5399,3.67
0,0062297732,3251,5725,412,5674,11172,588,4.17
0,0316361526,14,18,2,3987,8462,441,3.77
0,0374280029,2933,32588,378,22546,84991,2828,3.64
0,1460394135,6,18,2,2022,5307,195,4.0
0,1420140647,2,6,1,1353,3848,110,4.15
0,0062379445,66,99,16,10403,20672,1194,3.73
0,1501107488,9,16,4,3428,7243,512,4.06
0,0062405632,27,41,4,13880,25846,1688,4.01
0,0345459520,102,167,25,34164,65978,1714,3.96
0,0062410172,2452,7092,202,3567,9655,299,3.71
0,1250099633,10,32,4,11625,25960,1227,3.94
0,1476758751,17,53,6,22996,68966,2257,3.77
0,0062499041,1266,2862,134,3194,6566,229,4.1
0,0062434780,43,98,10,8610,17674,657,4.03
0,031636164X,14,32,2,5635,14509,452,3.77
0,1250092418,10,28,2,6692,17542,829,3.82
0,1459294920,6,12,1,3072,6500,356,4.53
0,1460346769,1,2,0,3854,8774,375,3.96
0,1460395646,7,18,2,2347,6208,234,4.01
0,1466887214,7,23,3,3777,9761,315,4.13
0,0759527881,73,115,8,160613,275924,5040,4.15
0,1466867272,19,38,5,9969,20436,1235,4.2
0,1460394356,11,22,3,5553,13040,735,4.01
0,0316276405,16,28,4,3533,6766,518,2.93
0,0553392786,10393,20303,887,14602,28829,1144,4.02
0,1455559504,10,30,5,7507,17946,775,3.51
0,081299650X,5,14,1,4988,10767,690,3.71
0,1420139037,10,27,5,1531,4048,197,4.12
0,1459294149,5,17,2,2560,6522,236,4.1
0,1476779287,9,19,4,2071,5825,310,4.13
0,145552588X,7,17,2,7690,15040,756,3.93
0,0062419005,132,332,25,8102,17244,840,3.8
0,1459254821,7,11,3,21384,42587,1305,4.08
0,0345511360,2398,11094,432,18999,47797,2328,4.06
0,1459293894,29,41,7,4810,10396,557,4.06
0,1466887206,8,28,3,3819,10649,383,4.01
0,1250083273,70,107,23,23504,47867,2711,3.9
0,1250088127,16,31,3,19795,39806,2270,3.61
0,0997215100,13,30,1,8212,16472,833,4.23
0,0062434772,32,68,11,10732,26366,980,4.03
0,1101882522,98,186,18,12465,33770,798,3.93
0,0062339532,37,85,14,14858,46784,1521,3.96
0,1459292472,33,45,14,12234,31767,1055,3.96
0,0062220624,10209,18801,1376,14211,27004,1705,4.05
0,1459292529,8,27,3,2333,5713,218,4.03
0,145558679X,3667,7008,570,4966,10559,721,4.06
0,0061797766,23,44,1,9452,17146,829,3.75
0,1451687540,30,56,5,4423,9411,414,4.36
0,0679644644,327,1028,98,36724,97304,5204,3.78
0,0759507910,92,158,9,138068,245571,6083,3.99
0,1101968109,6691,13674,718,8643,16973,867,3.94
0,039917351X,1195,2593,149,2391,4659,192,3.84
0,0062270532,8,20,2,7363,12058,1016,3.86
0,0802190316,1,11,0,6444,11521,778,4.07
0,1501110764,14,29,4,4864,8476,443,4.02
0,0698190424,123,151,27,22376,42480,2086,4.29
0,1439160120,237,380,61,230823,429074,18488,4.2
0,1501106473,2788,5297,461,93211,161119,10606,3.67
0,0062316052,34,83,8,6032,13089,600,4.12
0,0345549635,13,33,4,10660,21564,742,3.75
0,1617732176,4911,10873,702,6987,16701,933,3.59
0,1459292413,9,16,4,4081,9327,590,4.28
0,0345539850,179,255,54,119628,230030,10320,4.49
0,0307758982,18,44,1,12481,19616,523,4.02
0,146686267X,116,303,21,70797,142316,4172,4.42
0,0062389440,5,11,2,6294,13306,824,3.86
0,0345548523,47,61,15,18665,35807,1148,4.24
0,1416563229,34,57,7,14336,27818,878,3.99
0,0440339820,94,184,24,21281,56120,2188,4.21
0,0062250965,2,5,0,15132,28539,845,4.4
0,0698190831,14,26,5,11170,23804,1000,4.08
0,006238595X,46,77,18,13626,29323,1396,4.08
0,0698404149,2,7,0,3318,6945,169,4.26
0,1460391896,32,46,16,7606,14880,824,4.05
0,0062381636,8192,16988,812,12450,25065,1127,4.14
0,1501119796,6076,11407,938,6872,12839,1027,3.92
0,0062338315,111,526,27,18253,51844,1966,3.7
0,1501110357,210,325,92,99300,197031,14441,4.34
0,1451664168,8680,23769,1572,11242,29414,1858,3.24
0,080418898X,496,1086,128,96690,182744,11274,3.56
0,1455533246,57,79,10,19152,32911,1972,4.37
0,1250027942,10,30,4,10020,21011,1055,4.09
0,1451649371,4,8,1,96471,215900,11069,4.05
0,0062351427,27685,84902,4099,32464,95760,4907,3.84
0,0385353774,10641,41677,1854,13389,49047,2247,3.4
0,142994983X,52,161,5,3477,5804,209,4.16
0,1466862661,166,366,17,80158,158556,4619,4.29
0,0553391704,34,45,9,11365,21233,1498,3.6
0,0698411676,18,37,4,11078,20532,1560,3.88
0,0698138007,84,166,23,36325,80712,4035,4.17
0,0307756963,59,125,10,30940,66962,1646,3.89
0,1484720342,17,34,4,6226,14956,544,3.98
0,1455591742,6,31,1,9553,24471,699,4.32
0,142689998X,15,37,2,3326,5963,288,4.56
0,0062297686,77,230,6,3991,8163,473,3.69
0,0698192095,10,18,1,5502,10814,453,4.0
0,0698156102,32,50,12,5084,9647,590,4.05
0,1250022096,48,95,9,36307,72426,3801,4.22
0,1476758824,5,21,2,23847,68914,2021,3.93
0,006175272X,92,133,8,80924,122343,3233,3.7
0,1250029953,40,74,12,8866,20678,775,4.18
0,1460384016,21,35,4,4783,10979,543,4.0
0,146688150X,24,69,7,8148,15156,861,3.96
0,1420136062,6,16,4,3339,8496,333,3.91
0,0345544056,31,43,10,14285,30012,1352,3.92
0,0804137250,81017,153068,10889,98337,182438,12947,3.53
0,1420135953,4,10,1,1880,5015,165,4.09
0,0553392727,29,50,8,17553,33470,1707,3.78
0,0062312510,36,82,6,4771,11856,433,3.8
0,0345541863,13,29,8,5431,10818,556,4.08
0,0698140303,33,52,9,12693,27611,1383,3.9
0,1939996236,14473,35418,1348,18431,44412,1605,3.9
0,069819084X,13,22,2,6422,13152,691,3.69
0,1460381807,6,14,2,1488,4030,148,4.0
0,1476703019,31,51,5,36587,102620,3689,3.87
0,0385531419,20,58,2,10702,18995,983,3.7
0,1250020077,6,19,3,2842,7791,238,4.02
0,1939996260,1938,3965,221,4101,7368,320,4.51
0,1101621044,21,44,4,6436,11697,671,3.85
0,0062333089,126,167,18,15593,32988,1352,4.17
0,1476778019,22603,46335,1680,26400,53378,2062,4.1
0,1476776105,41,47,9,19550,39979,1414,4.26
0,0802191835,2,7,0,5405,9321,612,3.84
0,1466862602,24,60,4,9076,18148,823,3.95
0,1466854227,85,116,30,34611,62488,3011,4.06
0,0804177473,57,120,10,31985,57991,1572,4.13
0,1501101560,79,116,26,26511,53607,2796,4.11
0,0062220578,16,31,9,14308,24457,1732,3.87
0,0061750239,132,206,2,162379,221366,3383,3.76
0,1476791465,356,503,123,123459,300242,14373,4.22
0,030727103X,52843,135299,7059,70835,170045,9486,3.52
0,1250034507,37,82,8,25750,46823,1732,4.15
0,1429974125,24,46,12,9354,18611,1283,3.62
0,1455559385,5,11,0,15222,30692,1233,4.2
0,0062075829,99,145,22,21147,39198,1528,4.23
0,0440339812,255,453,75,31827,67803,3575,4.17
0,1250019842,97,164,28,30331,72755,4152,3.96
0,0698157273,22,34,4,13539,28213,1306,3.88
0,1426898762,30,57,4,3597,6538,324,4.53
0,1101621001,22,33,4,6809,14347,594,3.87
0,0345539826,105021,175124,8893,144945,270329,12104,4.44
0,1594204993,18125,47164,2558,21415,52572,2820,3.97
0,1476776083,79,163,18,22420,42866,1511,4.24
0,1250027683,6,27,2,10737,21455,1069,3.64
0,0062065416,68,84,14,14721,32295,1482,3.96
0,1476728208,1017,1550,205,11574,19781,1633,4.16
0,1476777977,122,160,27,22899,41252,1890,4.24
0,1459256476,2680,6130,232,3792,8005,284,4.04
0,081299387X,28,51,8,25079,51583,2711,3.32
0,0743446577,58,119,11,17588,45499,1039,4.26
0,1101618752,12,24,2,7671,15733,636,4.15
0,150110442X,154,264,28,13268,26598,966,3.83
0,1460340248,9,16,2,10162,19614,1048,4.04
0,0698155629,2,9,2,4507,8211,448,3.94
0,1400065674,66630,175458,8282,83925,210858,10130,3.83
0,1420134965,375,1314,26,1214,2972,56,4.24
0,0316235555,43,74,10,49299,84365,2159,4.47
0,1617735183,10,22,6,6194,13689,584,3.79
0,1451649967,91,124,37,18494,32546,1415,4.32
0,1101633530,120,197,28,64103,117207,5103,4.15
0,0698146409,178,221,54,39617,62766,2867,4.51
0,0698154088,1,13,0,4335,9031,360,3.72
0,1250020530,13,33,2,4382,9442,352,4.15
0,055339438X,3589,6973,367,4316,8175,398,3.86
0,1476710813,11,18,5,5705,13927,894,4.04
0,0446565849,8,10,2,9403,17773,1404,3.1
0,1476759596,102,142,34,68210,135334,6401,4.11
0,034554594X,41,101,17,11641,27709,1445,3.85
0,1460334574,41,56,11,5939,12455,486,4.0
0,0345548493,225,436,20,26467,42267,1344,4.28
0,0698146638,19,30,5,14073,27342,1549,3.78
0,0679604235,14,48,2,4774,8987,667,3.61
0,1460332954,31,46,3,5998,12798,513,4.05
0,1451640269,8,23,2,3033,6188,267,4.15
0,0062135287,14,30,4,8013,15627,698,4.15
0,1451628315,6790,11767,1098,7924,13566,1175,4.31
0,1476775958,58,69,17,30405,58785,1927,4.22
0,1476709203,5,12,1,3295,6216,322,3.96
0,1460331184,41,55,6,6095,12385,527,4.12
0,1460331222,9,16,1,9336,21297,720,4.31
0,0062066293,31,100,3,1697,3331,176,3.69
0,0062088246,44,75,12,23352,45699,3280,3.86
0,0345549864,7,13,1,7647,15270,823,4.02
0,142689807X,16,35,2,4057,6965,296,4.51
0,0804170711,139,219,37,41800,84472,4794,3.99
0,1460328612,3,9,0,8304,15941,766,3.83
0,1466842032,7,11,3,15643,33489,1661,3.62
0,006209808X,207,302,58,156003,275463,15384,3.68
0,038553826X,827,1806,118,31779,56388,2591,3.98
0,1455599506,19,46,4,17319,42883,2246,3.39
0,1459245997,15254,31053,723,17737,34835,822,3.86
0,0698150171,8,18,3,9547,16796,767,4.21
0,0989450244,24,47,4,40682,66356,3534,4.55
0,0062300156,99,161,22,25755,42677,1807,4.43
0,1476756562,214,293,67,35569,64368,2547,4.15
0,0758280394,32,52,9,7889,16851,928,3.59
0,0062078097,33,69,9,7378,14705,524,4.15
0,1455521140,194,339,51,7344,14056,729,4.16
0,0345807162,46,76,11,41265,66682,2638,3.72
0,0062207520,95,182,25,56263,155665,5393,3.76
0,1460325273,4,12,1,1900,5294,179,3.92
0,1429949031,9,27,2,51080,81193,3221,4.07
0,1451636946,227,384,52,157611,286891,8134,3.82
0,0062110853,212,367,74,98454,230299,12667,4.1
0,0062302396,95,135,15,31106,52186,2341,4.21
0,006219934X,12,50,2,19425,35153,1088,4.34
0,1460323769,13,20,4,2041,4736,201,3.93
0,1476759553,144,200,39,55721,100676,3472,4.03
0,0804180423,27,47,4,15301,28724,597,4.14
0,1476751749,80,115,17,26805,51467,1449,4.21
0,1455549010,91,144,28,36098,79389,3088,4.01
0,0804178615,892,1548,141,5324,9884,302,3.83
0,1476751412,149,209,43,54625,93087,3672,4.33
0,0062072935,70,114,27,15120,25225,1336,3.94
0,1460320891,17,29,5,2374,5333,188,3.89
0,1455574902,48,87,12,13146,32441,850,4.08
0,0345464249,101,180,22,49313,98029,2623,4.02
0,0307960501,16,29,5,34207,60195,2644,4.23
0,0345545524,69,114,24,14077,28706,1909,3.79
0,0385351402,242,473,83,181966,340044,23111,3.43
0,1455576662,21,53,8,7239,16892,1404,3.46
0,1476756538,88,105,26,40394,69446,2788,4.24
0,140130592X,57,132,8,9471,21522,741,3.97
0,1594204233,9113,26122,1227,10660,29393,1404,3.58
0,1420127950,1,3,0,2831,6328,250,3.72
0,1466834706,58,93,11,50886,85502,5465,4.44
0,1460318064,14,26,5,2243,4869,197,4.0
0,0679643915,146,268,61,77333,185812,10408,3.79
0,1620401401,120,229,52,55925,158992,8201,3.76
0,1466826274,37,75,13,11071,25429,752,3.84
0,1459245954,20891,43290,1191,23777,47662,1307,3.94
0,0345545850,36237,58397,1445,41229,66267,1642,4.23
0,1460316487,47,65,12,8325,15664,678,4.15
0,1460316495,40,55,14,13735,27793,971,4.18
0,1451626150,39,96,12,36342,87604,2920,3.9
0,125002000X,11,21,2,5900,12399,417,4.1
0,1429901349,384,572,32,160512,249932,4723,3.85
0,1476751722,136,206,23,38450,67043,1944,3.91
0,1455578355,72,103,19,76045,111067,4073,4.4
0,1476713359,116,158,32,24235,39972,1709,4.3
0,0062194917,79,173,12,18435,31393,1166,4.1
0,1460315154,7029,12109,421,8293,14689,524,4.14
0,0345526562,45,81,10,12120,22069,1117,3.97
0,0345535693,35,80,5,19929,41179,1604,4.04
0,1420106341,19,42,7,10932,29573,648,4.04
0,1451628293,7624,12912,924,8701,14925,976,4.18
0,0670014893,381,1044,68,9734,17552,1173,3.77
0,0547548796,169,241,28,34233,60516,3390,3.67
0,0062204106,21,45,7,284716,455720,13718,4.23
0,1476746540,238,375,78,70802,137485,6255,4.14
0,0812993853,216,371,54,80707,147596,6113,3.43
0,0385535317,35,95,15,20354,57368,2453,4.0
0,1250019974,21,43,8,7531,16359,480,4.03
0,1476731543,198,300,49,71838,116548,3830,4.2
0,0316221252,45,114,16,9523,17827,1012,4.17
0,0345533534,40,87,15,10447,22499,1166,3.98
0,0062075837,171,238,50,36783,57906,2517,4.28
0,0446557633,14,34,5,6593,13194,1101,3.36
0,0345538897,125,226,38,13549,24018,1146,4.07
0,1476718210,240,338,48,75890,121134,5423,4.41
0,1451647042,30,99,6,10733,25485,967,4.2
0,0062078127,48,79,15,9661,18312,627,4.26
0,1250011019,2,5,0,4876,8716,467,3.84
0,145551053X,61,153,12,21995,36124,1688,4.02
0,0345545370,316,685,75,18718,56037,935,4.27
0,0385536836,37,60,8,45963,89537,5990,3.42
0,1476717532,728,1207,41,26098,44474,1322,3.94
0,0759528330,71,132,9,45124,67632,2136,4.03
0,1459244370,7757,14007,528,10115,18673,658,4.25
0,1451647026,10,24,4,10297,21182,1190,4.05
0,0316214582,20,75,5,8455,17396,1206,3.28
0,0345534891,245,473,56,86803,146927,7690,4.01
0,143916309X,58,117,15,133923,270048,14339,4.14
0,145924124X,54,92,16,7912,13753,479,4.09
0,0345531590,58,119,22,4898,7992,283,4.04
0,1401304729,69,110,11,13265,28706,1176,3.99
0,0061493341,17514,41407,2826,19899,47107,3151,3.38
0,1476718989,110,163,27,44805,68886,1884,4.25
0,1594487367,81070,184021,6826,89177,197155,7548,3.75
0,1250015278,68,104,16,46324,78380,5103,4.19
0,0345523490,27,131,4,7291,18307,544,4.04
0,1451626142,36,53,7,38213,86153,2849,3.97
0,1250014271,63,98,20,11917,20643,1263,3.94
0,0758279590,13,24,5,7699,18878,908,3.79
0,1459234537,49,64,8,10347,17706,512,4.15
0,0062132385,28,49,11,6071,10834,520,4.05
0,1451648154,9,19,2,6992,11570,836,4.17
0,0310333644,1,9,0,5493,11043,546,4.39
0,0062096273,266,365,81,58297,103057,3998,4.22
0,1459233174,47,69,9,9517,16448,452,4.11
0,0345536770,18,24,6,5848,12903,147,4.19
0,0679604227,25,39,13,7231,13555,1170,3.63
0,0062194860,121,211,22,11610,21141,1219,3.87
0,1466802634,99,154,19,19439,35243,1558,3.94
0,0062072919,145,228,38,17244,28560,1341,3.85
0,0062069136,55,122,18,9693,15129,622,3.78
0,1459230043,37,68,13,4630,8357,334,4.05
0,0805090037,115,239,12,70181,155192,7543,4.28
0,1451628188,9291,14685,1142,10558,16828,1211,4.24
0,0062119370,42,73,7,11690,20223,648,4.24
0,1429952938,20,80,7,5754,11067,449,3.95
0,1429942320,21,42,5,17436,31189,1939,3.58
0,0061779741,24173,49976,2949,30011,60835,3599,3.79
0,0307378403,11342,19802,1580,13742,23470,1775,4.11
0,0062098063,74,131,28,75077,136629,8296,3.99
0,0310427592,6,20,1,6835,12819,413,4.28
0,1459225651,8008,13365,455,9012,15242,549,4.22
0,0345509226,199,440,18,4792,8041,239,4.03
0,1459222830,103,143,29,24425,43335,1253,4.34
0,1429938374,88,150,29,14413,24289,1888,3.87
0,0062101021,154,242,35,34183,53558,1941,4.38
0,1451628625,3559,5973,309,4491,8030,387,3.99
0,0062066226,27,45,8,5236,9344,355,4.12
0,0345529294,111,205,26,18506,31926,1092,4.37
0,1451642490,17,33,5,5796,9940,405,4.13
0,0316209554,18,48,5,2104,3406,274,3.74
0,0061807583,56,100,15,11020,22018,1209,3.51
0,0062097113,17,53,2,22083,39744,983,4.29
0,1429951133,4,24,3,7420,12290,935,3.86
0,1439177023,130,172,43,39639,59573,2527,4.42
0,0446564354,20,49,3,9945,17056,783,3.76
0,0061738093,233,346,53,449410,692690,38833,4.21
0,0345511344,11247,19971,797,14070,25284,1000,3.95
0,1429994894,195,325,49,133258,225932,7965,4.21
0,1426834101,4303,8223,206,5251,10068,259,3.85
0,1451628005,6572,12650,907,7140,13521,962,4.17
0,1599952602,95,152,22,11838,20211,1079,3.76
0,1439187207,3372,5785,433,3684,6268,456,4.0
0,0062066048,45,66,11,26913,44799,2186,3.69
0,0307957330,258,442,75,146378,255420,15921,3.73
0,141656392X,72,182,13,63891,152317,3704,4.0
0,0062011847,1095,1846,81,47597,75705,2752,4.15
0,1439172803,1635,2791,188,2132,3702,235,3.56
0,1451643144,6,14,2,4452,6976,573,3.96
0,0061977969,43413,77225,4207,51070,92606,4951,3.97
0,1599951193,11,17,2,6398,14090,392,4.32
0,0399157840,284,578,64,10324,15198,579,4.08
0,1429962232,29,49,9,3611,7481,282,4.03
0,0345526295,132,200,41,8638,13536,666,3.76
0,0765327724,666,1316,50,18944,38022,978,3.68
0,044033991X,214,314,34,20201,32271,1017,4.29
0,031042755X,19,48,4,7413,13517,296,4.28
0,0345528220,117,197,21,39099,65282,1900,4.2
0,0061961272,8128,13995,706,8856,15318,769,3.88
0,0679605096,310,630,48,33592,62634,4069,3.9
0,0425241130,23610,40812,1213,27390,47882,1615,3.94
0,0062079530,373,574,68,33755,60388,2165,3.94
0,0373775806,3316,5400,160,3708,6164,184,4.17
0,0553593684,7335,15333,483,8832,17835,567,3.95
0,0345509102,213,445,6,4645,7630,152,3.89
0,1455504394,2140,6184,188,5765,14035,276,3.71
0,0515149330,444,1119,59,6485,12641,299,4.32
0,0778329798,4502,8714,225,5394,10709,272,4.09
0,0062079166,77,122,18,15449,23260,720,3.99
0,1429920165,77,138,13,13484,24354,767,4.1
0,1420122487,14,34,4,2781,6196,142,4.18
0,0307593495,10618,16153,995,14324,22571,1393,3.99
0,030737839X,12007,19875,1483,14720,24038,1729,4.08
0,0310266289,15594,29451,474,16608,31361,540,4.24
0,0385343833,76145,147789,8966,88747,171943,10717,3.4
0,1429985356,38,61,3,6916,11681,296,4.24
0,0061138061,39121,56380,1659,43614,63062,1865,4.45
0,044656432X,15686,24817,1160,18174,29812,1400,3.63
0,0062065793,414,536,49,56748,81408,2456,4.28
0,0345512502,690,980,180,261111,418852,20565,4.02
0,141656389X,18,38,4,4993,8608,398,3.92
0,1101987995,260,650,26,19614,35627,1574,4.42
0,0440337976,3259,4415,722,603331,969334,53641,4.17
0,0553391860,151,983,24,11551,24725,1132,4.14
0,1455589918,208,501,14,34676,65190,3076,4.06
0,0373789947,92,616,17,1660,4205,180,3.95
0,1101904232,387,677,135,252106,568051,31302,4.1
0,1943772711,22,31,7,21142,38812,1687,4.47
0,0316387835,3194,12658,644,69885,163547,8622,3.72
0,1946136034,11,21,4,2166,4643,217,4.5
0,0062225553,23173,92767,2938,29273,109909,3402,3.81
0,0316217638,96,129,19,43806,82818,2474,4.22
0,0316319996,9,13,2,3412,6704,335,3.52
0,0399575510,3000,6983,298,5893,12324,392,4.0
0,1250022126,66,136,10,42959,86355,4821,4.41
0,0062436686,540,2575,81,14635,31830,1516,3.58
0,0345542975,357,1186,46,46088,82341,4400,3.95
0,1501108581,455,1781,68,10109,22605,963,3.95
0,1594203989,927,5322,101,57000,146393,5344,3.57
0,1942832036,7258,16470,948,9810,20629,1269,4.15
0,1101883855,149,312,19,5262,10318,449,4.15
0,1476783489,486,864,51,15404,28367,816,4.32
0,1101972971,213,1011,40,464526,788088,37020,3.85
0,0062491814,75,112,22,140497,307633,13358,3.82
0,1250083257,1723,3643,207,54643,141713,6131,3.77
0,1455524158,209,444,14,45928,74918,3344,4.25
0,0997263636,10846,22955,1323,13564,28609,1735,4.1
0,1455536911,542,2137,87,13645,25536,1308,3.96
0,0062425471,17,27,7,10605,24931,1065,4.01
0,1451681763,306,542,58,393051,724166,34703,4.03
0,0812997840,31,74,13,16676,45707,2769,3.75
0,0316403431,49738,104370,6589,59344,122862,7457,3.18
0,1250075580,7512,17790,888,8756,20366,1052,3.94
0,1501128000,10492,25051,932,12995,29904,1264,4.19
0,0385349750,18,25,2,17416,31091,2180,3.82
0,1466867507,12131,23548,993,25890,44494,1425,4.17
0,1250010721,42,89,12,62368,127962,6017,3.95
0,0062349058,79,108,14,13315,24537,1648,4.08
0,0062448056,0,1,0,6780,13369,992,3.92
0,0062430238,29,57,2,42122,105615,3017,4.1
0,0399183973,2954,6083,309,5713,10795,408,4.01
0,0553393480,616,2039,93,65601,109758,6065,3.74
0,0425285375,10,20,1,7984,16052,578,3.91
0,1455581232,24,44,6,22006,47873,1686,3.95
0,0143130153,2795,4536,308,1132114,1878101,82559,4.26
0,1476749280,2942,5428,400,4626,8608,502,4.1
0,0062325426,385,1149,61,17452,38725,1678,3.62
0,0143108867,48207,116036,2426,291867,583313,23025,3.73
0,1101946628,49,90,8,59948,151032,7553,4.08
0,0061980242,995,1684,40,270675,398027,10195,4.01
0,0062320246,5,16,1,27499,50831,2183,4.32
0,1501110373,659,1220,160,205534,485746,26935,4.4
0,0345546938,14,24,3,44312,102049,3294,3.6
0,1455561800,10,33,5,113553,232959,12075,3.72
0,0316360597,27,46,5,9469,22636,669,3.98
0,1476789371,6132,11301,441,11765,20697,638,4.21
0,1101966947,23,41,6,11755,24851,1172,3.73
0,0316375152,21,42,3,35049,71825,2570,3.75
0,0759525781,138,245,19,62662,94496,2311,4.09
0,0061796786,29,59,5,20437,37452,2347,3.55
0,1940941776,11,17,3,12273,26228,1683,4.03
0,0062573063,1053,2200,147,2195,4050,193,3.83
0,0316317144,5707,14776,656,9131,21266,844,3.91
0,006244803X,6218,13819,727,8302,19429,1010,3.88
0,0373789831,1563,3751,213,2380,5912,259,4.14
0,031629005X,15,28,2,29893,60065,1991,4.1
0,125008282X,28,48,8,5370,15658,595,4.55
0,0399175962,243,511,22,6422,11759,418,4.26
0,0515154121,135,315,12,28920,48355,2303,3.94
0,0743288785,10592,37924,2180,14496,47051,2537,3.79
0,0062371851,455,823,87,23538,40696,2420,4.09
0,0062347276,449,2378,78,44708,137240,4945,4.21
0,0062390759,6539,15604,891,9103,20727,995,3.38
0,1101902574,5503,17400,1014,7226,21950,1217,3.69
0,1101967064,13,17,1,7920,17906,681,3.65
0,0345449436,21,40,6,131543,246963,4261,4.09
0,0062200631,19718,62331,3352,50165,127447,6825,3.9
0,1942295502,1256,2587,190,2367,5217,285,4.46
0,110187595X,46,70,15,54671,130779,6193,3.29
0,1466870931,4,19,2,4642,9262,760,3.57
0,0062328972,7,22,5,2829,5301,220,3.84
0,0399574336,15,23,8,5451,10747,736,3.71
0,0812997611,99,150,32,74980,164820,10439,3.61
0,1455584983,196,414,14,31496,60403,2038,4.05
0,0062277022,14972,45951,2366,19163,54638,2760,3.88
0,0345543068,36384,62812,3388,44718,77651,4111,3.81
0,1101598832,10076,21084,1059,15536,31216,1467,4.09
0,1501130447,7054,13554,836,10254,19799,1016,3.73
0,0062319183,20,56,13,4241,11871,243,3.6
0,1401686311,26,53,3,34441,82422,2539,3.86
0,1459294033,5,13,2,1270,3738,153,3.81
0,0804178798,536,1067,50,58681,96795,4287,3.98
0,0062135309,16,45,4,4707,10194,411,4.19
0,0812996089,16747,41491,2502,22382,52513,2811,3.87
0,0385541929,101,289,16,6886,14482,360,3.98
0,0804177910,27,43,13,7656,16335,1196,4.15
0,0062388150,60,103,15,21415,49010,2189,3.9
0,1617734616,49,264,3,2798,8551,286,4.04
0,0804179662,3518,7871,377,7812,15139,586,3.92
0,006242226X,10,17,2,5546,8865,262,3.87
0,0316098329,7729,14992,1079,708813,1172651,47031,4.06
0,1455559806,386,748,35,106895,188900,6377,4.07
0,0698180917,140,172,33,37818,70492,2955,4.38
0,1609450787,976,1701,68,194798,395008,18070,3.96
0,1101990465,59,104,19,89475,189409,8788,3.5
0,069840422X,27,62,9,40057,78663,3257,4.14
0,1501131222,43,69,11,10995,25687,807,3.98
0,0553391925,9978,21236,1435,14070,31379,1698,3.9
0,0062328948,21,63,3,3828,7008,267,3.85
0,0316288721,7,17,1,14735,27556,870,4.01
0,1420136046,3,6,2,2016,5701,143,3.84
0,0345541413,227,652,22,10232,19046,853,3.92
0,0451414136,649,1718,94,66307,130891,5234,3.88
0,1459295498,6,14,4,1107,2874,52,3.79
0,0062008676,409,631,91,93541,169939,6244,3.75
0,0345539753,236,585,47,27820,80274,3401,3.6
0,1420139010,14,31,3,2013,4725,232,4.04
0,1466849622,26,51,6,13465,32953,1386,3.66
0,0307460207,15119,40017,1676,21392,54489,2212,3.96
0,1466886153,96,137,48,17131,31573,1872,4.34
0,0451418352,1504,3804,295,2096,5247,328,3.97
0,0385538901,15,22,4,26663,56886,3370,3.69
0,1614177821,1,6,0,421,1834,30,3.8
0,0062435159,19,65,1,4208,6899,249,3.93
0,0062379399,196,413,34,15845,29922,1825,3.95
0,0698410610,18,36,4,8197,16317,452,4.18
0,1594634475,92518,222260,11827,112791,258032,13452,3.57
0,0345533488,42082,75816,3213,62480,111767,4730,4.21
0,0345531035,165,342,27,4685,9437,400,3.86
0,0547572484,4412,7919,622,171023,371886,11520,3.61
0,1451650043,65,78,19,13977,26877,1392,4.31
0,146034278X,11,29,5,5827,11257,256,3.84
0,0399174117,3078,6270,315,5563,10366,408,4.02
0,1501117009,26,73,7,59679,120768,6602,3.82
0,1466890401,13,56,3,6563,16470,468,4.05
0,1453206361,0,0,0,7703,15848,553,3.77
0,1466840951,26,42,3,5827,13972,435,4.43
0,1466870036,7,28,2,2047,5719,169,4.3
0,0812998685,30984,69647,4393,50548,107868,6603,3.81
0,1420136666,3,7,0,929,3126,131,3.59
0,0061938742,290,400,57,40791,66859,4213,3.45
0,0345543254,811,2484,127,81204,133382,8552,3.58
0,0062319213,6,16,2,10905,23515,1563,3.52
0,0316261122,14,18,2,23679,48508,1793,3.79
0,0778317668,1764,5729,158,2857,8127,207,4.11
0,0399167455,7118,14349,1286,10131,19844,1524,4.2
0,1101946342,102687,215986,8849,142567,277844,11328,3.79
0,146039092X,30,62,4,4760,10770,590,4.1
0,0553906542,334,628,97,53920,96710,6469,3.97
0,0345543181,31,55,12,16840,31795,1455,4.04
0,1466851899,22,54,0,13081,24456,1047,3.94
0,1476777950,76,103,20,15981,33300,1506,4.0
0,0778317498,3993,8704,356,5896,12297,471,4.08
0,080417749X,16,39,9,11102,23044,1328,3.62
0,1460384067,7,11,0,3554,8048,409,4.16
0,0061779784,12076,24490,1450,15373,31056,1719,3.95
0,0062349031,15502,27258,2177,20425,34876,2740,3.95
0,1476789657,122,185,42,140358,280733,11840,3.5
0,0307459926,564,856,166,570952,1087531,35400,3.93
0,0316334502,19,30,5,49414,95214,3659,3.73
0,0062320157,29,50,6,22990,42812,1625,4.19
0,1451693613,28,54,9,49868,125543,4550,3.89
0,0316408735,6,15,0,10361,21203,809,3.75
0,0062418483,37,87,9,2780,5461,194,3.87
0,0316097438,26,92,5,40767,69296,5103,3.49
0,1101875054,156,498,30,61369,145089,7104,3.53
0,1250020557,8,31,2,3784,9546,302,4.17
0,1501100130,37383,62483,4592,110144,214695,9620,4.04
0,1501101579,74,126,18,19838,35606,1629,4.1
0,1101612983,3,6,0,21973,41447,1272,3.68
0,1476749132,6,13,1,10177,18258,987,3.62
0,145558231X,6,12,2,15356,26249,1454,3.89
0,1466847743,15,36,5,16049,40341,1559,3.65
0,1466848901,62,221,13,2951,7112,311,4.06
0,0062132563,6718,15618,969,9141,21066,1105,3.59
0,1101886773,11917,21403,1050,14156,24726,1219,4.2
0,0345542932,462,873,55,50800,87606,4523,3.85
0,1476793751,18,40,5,18459,37293,1286,4.2
0,1416563911,566,881,57,154127,281630,7180,3.93
0,0062190377,5947,30912,832,92220,217169,10250,3.99
0,006231114X,22,32,6,19533,41345,2009,4.22
0,031634155X,37,73,11,47796,126655,6277,3.94
0,0345544943,1595,3327,195,139692,254771,15498,3.97
0,0307594173,17830,45786,2488,23504,59297,3270,3.75
0,0812997891,14,29,1,72863,170073,8442,3.66
0,0316055441,3835,8229,487,710866,1392277,60413,3.92
0,0316284564,4,22,0,16608,29966,996,4.07
0,1101874287,86,168,31,81562,170799,9613,3.42
0,1466867833,49,99,16,5086,11204,401,4.23
0,0345495306,186,291,23,38121,59220,1726,4.02
0,1940499194,0,0,0,1399,3530,93,4.23
0,0307588386,1819,2389,599,2303570,3459549,132562,4.07
0,1439157030,299,458,89,294815,508968,27456,4.32
0,145557449X,26,38,13,4079,8807,536,4.34
0,1612130615,1385,1807,249,706151,1013075,26398,3.85
0,0062351516,6918,16020,766,12591,26147,1095,3.71
0,0307387682,32,52,8,26460,42181,1066,3.87
0,0553391895,17,29,5,21472,47487,1393,3.87
0,080417962X,8,25,4,7688,13863,692,3.98
0,1420133152,0,1,0,2792,5295,279,3.75
0,1460380401,4,13,0,7260,14492,552,4.06
0,0759524920,24,67,1,36624,64164,1011,4.08
0,1455588814,15,23,5,16118,43604,1870,4.23
0,0316211141,1,15,0,12269,24869,929,3.76
0,146038041X,9,18,3,9870,24067,1047,3.9
0,1451650108,54,75,14,14392,26056,1459,4.36
0,0062343289,24,42,6,5785,12835,435,4.25
0,0062330268,40891,155038,4216,51663,182168,5638,3.92
0,0316225924,43,83,10,46354,73475,3361,4.09
0,067964511X,182,258,60,147355,245683,17610,3.91
0,0062132458,411,1209,46,16925,31710,1974,3.7
0,0345539958,49,89,18,23354,45960,3197,3.95
0,0062250744,6,9,0,17255,31721,956,4.37
0,0307341550,10622,17309,1293,666473,1197666,44230,3.97
0,0525953094,22797,46563,3239,79647,146621,6359,4.12
0,1476763127,12363,24602,1217,17237,35559,1548,3.85
0,1501103695,18,32,6,2261,4430,160,3.9
0,1455525901,33,53,9,19612,31610,1533,4.09
0,0698144546,61,103,11,29867,51133,2003,4.12
0,0316211028,19,40,6,16129,31790,1117,3.94
0,0062289241,32066,57155,3015,40181,70441,4003,4.35
0,0440335183,1,7,0,283442,466285,14869,4.32
0,0062312472,38,93,11,10980,27058,1017,3.56
0,0374187614,19617,45121,3018,26720,71152,3833,3.92
0,0062294814,89,131,23,28220,60398,2099,4.17
0,1101617276,64,107,18,19163,35209,1413,4.3
0,0345543246,949,1832,117,103125,159311,9858,4.01
0,080417671X,35,81,9,5729,15462,401,4.09
0,1101609508,80,109,24,17593,32435,1362,4.38
0,1455529516,51,66,16,6460,12250,700,4.19
0,0062106112,10766,19913,1335,14349,27188,1838,3.74
0,0804178836,72,193,13,13588,26400,608,3.74
0,1101874082,34045,74082,3195,46038,96458,4357,3.06
0,0062194925,9495,18039,770,14319,27508,1123,4.06
0,0553392433,110,217,30,41582,87768,2795,4.38
0,0345530969,9,29,1,6737,12756,464,3.88
0,039917334X,4769,9042,319,7886,13760,404,4.15
0,0743290062,33,56,7,19661,37208,1319,3.99
0,1451617801,54,90,17,42817,85221,3780,3.63
0,044024644X,134,218,35,92809,221131,6919,4.53
0,0316206865,610,999,165,475702,879450,33095,3.87
0,0345541839,8,30,0,5771,11437,525,3.97
0,034554689X,46975,88327,4706,58366,108200,5908,3.16
0,0062134698,134,293,14,6741,11498,645,4.18
0,1476714312,68,230,9,4194,9150,373,4.04
0,1101618043,60,92,14,63074,119010,6259,3.16
0,0062132520,13366,25392,1597,16935,33879,1775,3.56
0,0062311107,36,67,11,33272,68982,3965,4.15
0,1460332962,11,17,2,2248,6098,235,3.75
0,1466845260,87,144,23,26376,44818,2294,4.37
0,1455517119,13,42,1,12228,25682,1107,3.96
0,1101598794,82,130,27,29964,62867,3906,3.71
0,1476749108,39,100,9,17328,34544,1665,3.78
0,0991379640,4,9,0,19753,31728,1206,4.35
0,0062124285,127,182,50,81652,149266,9924,3.79
0,1480441929,2,6,1,1746,4514,215,3.77
0,0743298543,866,1124,60,81849,137828,4283,3.87
0,0802192505,1,9,0,5984,10869,770,3.77
0,0062279408,53,147,8,2217,4306,176,4.02
0,1466841680,1,6,1,5337,9504,839,3.83
0,1460328639,7,13,0,4569,10493,425,4.11
0,1455557285,5058,12746,377,10700,21573,545,4.05
0,0698140737,9,23,2,4687,9525,341,3.97
0,0812995759,36,110,7,48003,93382,4843,3.65
0,0062267914,6927,13708,696,8707,17315,860,4.08
0,1460327047,5,12,0,5647,14283,516,3.92
0,0547543867,57,181,34,26178,81099,4161,3.5
0,142996393X,796,1144,138,1118512,1659532,43136,4.3
0,0316207020,19,51,4,16440,33956,2049,3.78
0,1250019818,259,634,52,32089,76978,4621,3.87
0,0316069507,45,78,6,43124,71409,3523,4.13
0,0062294377,48094,104884,4729,54883,117481,5353,3.75
0,0345542908,147,259,30,55789,91264,5377,3.81
0,0345539656,49,147,14,21898,43095,2466,3.72
0,0062294768,42,98,13,135025,260312,8358,4.17
0,147672766X,267,451,70,191420,402938,19196,4.12
0,0062200593,255,422,68,99807,215362,11652,4.07
0,0553582011,5593,9926,433,549838,909041,22249,4.33
0,0345530578,1025,2022,170,87453,135517,7790,3.83
0,0345535537,275,631,16,51978,100281,1612,4.58
0,1439153183,34,71,9,4363,7367,588,3.73
0,1400065941,30437,53501,4881,44504,77148,6340,4.0
0,0345539680,1,9,0,6920,13544,613,4.01
0,0385350872,51,84,16,46403,81150,5913,3.35
0,1101636459,58,100,15,28213,50532,3164,3.92
0,0988210886,0,2,0,3732,5823,172,4.51
0,1451684789,40,374,6,2527,6442,398,3.33
0,0385350406,68,116,26,83774,174976,8226,3.85
0,1455576425,5778,11595,860,7906,15622,988,3.37
0,1460319559,10,25,1,6836,13225,656,4.22
0,1476727244,41,62,15,10880,24430,1064,4.06
0,145554647X,14,33,3,18089,34722,1439,4.17
0,1455582727,48,105,16,12003,29026,1302,3.99
0,0062073206,56,82,16,27124,45406,2272,4.13
0,0316211192,30,101,6,18775,34833,1362,3.93
0,1476717117,16,42,5,14226,25756,832,4.14
0,0062121774,16,33,6,5699,9661,516,3.88
0,0316228583,2035,4917,412,300843,665417,31336,3.3
0,1455546445,28,70,3,17814,31560,943,4.0
0,1939392748,36057,69550,2639,41017,78131,3366,3.75
0,1451628706,17,41,4,3859,7168,361,3.93
0,0316227188,15,47,0,31895,62811,2752,3.79
0,0759514712,211,328,38,191606,264192,5692,4.17
0,1439146950,52,81,22,31812,68331,3812,2.93
0,1451635834,137,338,27,1089,2492,121,3.82
0,1455517070,44,118,6,12098,25190,1068,3.88
0,0778314464,3041,6218,244,3818,7989,278,4.02
0,0345507843,49,80,12,13684,27341,2330,3.54
0,1455546313,10,25,1,8912,16205,414,3.82
0,0446574244,684,1082,129,332697,540391,13808,4.21
0,1451668961,12,25,0,11392,21072,1249,3.73
0,0316097527,17794,39908,1306,25013,52485,1600,4.07
0,0316230804,209,359,73,196158,442108,24121,3.76
0,1439149704,81,144,19,170206,333847,16741,4.28
0,0812984617,60,108,16,55953,100868,6157,3.58
0,0345532619,84,139,27,11865,26375,1118,4.24
0,0062235184,171,340,12,160216,251796,3879,4.13
0,0307717119,81,151,25,10014,18620,1543,3.78
0,0812993802,52566,114835,6272,60060,129449,7143,3.97
0,1938404505,11473,21108,734,14967,30304,964,4.09
0,1439192332,684,1219,201,98964,201832,10636,3.92
0,1439165343,0,11,0,4901,14972,500,4.07
0,1441238220,28,48,9,3108,7219,410,3.66
0,1476717001,24,78,10,6991,11924,986,3.83
0,0062235753,66,112,16,15228,30425,1649,4.0
0,1455515531,19,52,4,16287,31898,1018,3.79
0,0345527755,113,183,20,61887,100925,5336,3.93
0,1439168032,475,759,99,255309,475591,14789,3.91
0,1565125851,1748,2269,310,1368784,1982445,58720,4.09
0,145551604X,8099,18887,1090,10063,22778,1239,3.95
0,0385350287,31874,66635,4810,36501,74573,5237,3.49
0,1401322786,85993,174292,8758,97098,192955,10095,3.87
0,0062065246,83288,160102,8629,95812,181033,9575,3.94
0,0451464400,71786,108532,4126,83965,125224,4671,4.49
0,0525952926,96580,165243,6807,124932,210550,8010,4.34
0,0345535626,129,255,24,39513,55139,1604,4.27
0,1455518379,14100,21322,1556,18800,29520,1834,3.97
0,0375507256,186014,453461,16143,213387,509852,19283,4.01
0,0316233684,60,163,7,4284,8680,222,3.75
0,0345535960,21,46,5,6098,12302,852,3.86
0,0062200291,68,99,23,21673,41472,2311,3.9
0,1455501530,41,82,14,19524,37680,1621,3.89
0,030796048X,30,63,8,37494,62366,2479,4.11
0,0062066269,8,21,5,3037,5921,301,3.89
0,0345536037,187,283,50,24134,42223,2022,4.16
0,1429944684,22,45,4,5026,7515,242,4.13
0,0345535952,71,100,20,27070,46231,1805,4.11
0,1429957867,64,122,18,87773,174210,5475,3.88
0,1476712050,274,448,81,542153,996926,28081,4.1
0,1420131001,103,175,19,9300,14460,521,4.31
0,1101608528,5152,8409,107,5462,8835,110,3.92
0,0446573027,539,1221,55,65703,108638,3596,4.01
0,0345533585,96,254,22,25569,48005,2172,3.96
0,0316097470,17,35,4,18695,35824,1580,4.07
0,0062073176,35,58,6,22654,36569,1513,4.2
0,0345533569,29,93,10,10587,21656,1231,3.65
0,1455503703,93,168,25,12811,20782,864,4.22
0,034553056X,830,1799,134,63849,103732,6019,3.81
0,1451617771,46,74,13,28903,54082,2697,3.48
0,0345528514,82,164,24,34567,60766,2510,4.23
0,0316202479,47,105,11,31697,57711,2334,3.86
0,0316097489,37,109,4,38168,73961,2080,4.06
0,0062194909,112,203,21,21357,35510,1239,4.21
0,0446573000,152,356,33,87611,142950,4787,4.13
0,0679644385,37,110,12,85106,159886,11963,3.65
0,0385536089,80,191,19,38929,64173,4366,3.83
0,0446542180,413,608,54,326809,541043,10126,4.12
0,0345538161,164,298,44,13171,26555,732,4.1
0,055389787X,2057,2779,304,659717,982444,22101,4.54
0,0345527739,839,1580,92,69243,110715,5008,3.94
0,0345526538,42,71,7,11092,19555,1091,3.79
0,1455511153,119,155,38,16442,26854,850,4.37
0,145166415X,38,85,7,24553,48220,3316,3.68
0,1401394760,319,593,91,61053,115323,4797,3.56
0,0316097578,28,94,6,31020,58195,2810,3.86
0,0778313174,8651,15228,513,10467,19400,595,4.24
0,0307593673,4544,5893,626,640541,961876,28953,4.22
0,0345534638,183,323,30,43469,59670,1768,4.25
0,1451668937,8,20,3,9900,18280,1246,3.48
0,1429954027,12,20,1,22139,32035,469,3.93
0,0307272303,6400,8178,772,803640,1155517,34088,4.24
0,0345532341,5,12,2,6423,12933,493,3.85
0,0515150630,294,745,48,35126,56252,2028,4.12
0,044024630X,1128,5759,134,80418,144431,4006,4.11
0,0062049577,14076,22046,1401,16836,26975,1569,4.02
0,0062096605,60,144,8,7757,13590,407,4.24
0,1439149690,91,230,21,69956,130526,6210,3.7
0,1416539204,255,373,61,31486,63091,3678,3.88
0,0345532171,27,83,3,15050,24461,944,3.97
0,1459222776,36,56,10,10431,19076,528,4.22
0,006209906X,7,16,2,2977,5610,220,4.0
0,1451617089,5,8,1,2582,4629,359,3.63
0,0547416210,658,1288,149,377584,696547,23172,3.98
0,1429959304,64,112,21,15669,38396,2000,4.1
0,0316097411,41,89,4,20566,37731,1102,3.97
0,1429942215,52,122,16,59777,126768,5988,4.12
0,0307595110,20922,48069,2632,25464,56194,3028,3.54
0,0307959856,78781,156329,7404,89951,176073,9437,3.27
0,1451606869,17,47,7,3889,6621,225,4.29
0,0385343841,2550,5942,412,88747,171943,10717,3.4
0,0062119486,27,61,11,9391,15892,1208,3.68
0,0312651287,211,565,30,9637,17467,742,4.08
0,0525952586,9784,16128,1427,12443,22204,1621,3.8
0,1429952512,27,75,2,17179,30070,1626,3.65
0,0316126691,93804,162362,9413,103727,177808,10274,3.99
0,0060873027,1018,2323,208,30319,50874,3287,3.44
0,0385337515,1018,2220,137,27805,55334,1889,4.21
0,1439149941,10,16,0,2686,4396,281,3.75
0,1459281969,6,13,1,1199,2293,62,3.89
0,0399157824,5052,9080,288,6574,12064,363,4.05
0,1429969180,85,154,28,111418,208172,11444,3.45
0,0345529200,29,48,11,6108,11616,499,3.73
0,0307593312,175374,447365,14677,197969,499241,17772,3.92
0,0547577532,14517,32208,1403,22637,51959,2323,3.45
0,0060548940,15814,45121,1328,17966,50129,1488,3.85
0,0778312712,8456,14926,454,10331,18724,570,4.19
0,1459215230,30,47,6,4007,7705,261,3.93
0,0345519523,152,280,31,23103,36338,1361,4.23
0,0385534647,1155,1821,388,672026,1370175,72541,4.04
0,1451617496,100,190,33,66745,147170,8024,4.05
0,0446574716,418,1177,49,29408,63099,1384,4.07
0,045123491X,624,1324,98,12029,23662,1045,3.64
0,1429985216,607,858,107,417038,648280,29035,4.16
0,0786958421,6173,12679,172,7865,15360,211,4.15
0,1420125885,13,37,6,1526,3795,164,3.59
0,1401303919,136,265,37,16966,33278,1374,3.93
0,0345521323,352,516,104,264691,505173,21049,3.81
0,0399157816,5214,9424,343,6625,12167,412,3.99
0,0312651619,568,1090,84,733,1407,96,3.63
0,0765321548,4638,6617,165,5628,8115,195,4.19
0,076420601X,203,452,30,3707,6766,250,4.28
0,0307946711,3586,7375,555,284914,460228,17358,3.8
0,1439112800,44,105,13,20429,37374,1301,3.88
0,0553897853,1896,2507,236,780734,1160236,23812,4.41
0,0312383355,537,1266,89,49680,80281,4602,3.77
0,0375714367,514,984,37,335150,523913,25418,4.29
0,1451617747,77,123,17,43556,82747,2965,3.71
0,0759525773,275,457,58,153408,250339,4423,4.1
0,0440423317,54,111,15,7008,14340,612,3.81
0,0062049828,213,301,66,163619,258160,16406,3.88
0,0061753815,191,268,40,28018,45144,2306,4.1
0,0446583170,71,150,21,23059,40459,2924,3.74
0,0446564443,3988,9580,188,4785,11583,231,3.93
0,0553900323,1321,1872,206,614431,948915,21435,4.14
0,0446571415,522,1165,68,32940,52482,1855,4.11
0,0307596818,101,157,37,31819,57580,4232,3.37
0,0373776004,2582,4550,141,2964,5322,166,4.12
0,0385532733,62,121,12,9506,17510,886,3.6
0,0312383312,680,1342,72,72180,114144,4099,3.95
0,0316126942,174,294,31,41308,77199,1947,4.09
0,1451620691,443,968,93,9220,15269,1020,3.62
0,0399157425,6438,11129,357,8078,14282,428,4.0
0,1429904607,710,956,98,503968,759962,12523,3.85
0,140226108X,348,578,123,57535,128704,6544,4.08
0,1429904623,475,620,42,202902,286717,7152,3.93
0,0345530160,84,139,14,18571,30783,1275,3.9
0,0679604898,168,242,41,57068,90911,4852,4.08
0,0515149489,581,1407,81,48693,80922,2775,4.15
0,0446573248,93,157,9,12958,23728,615,4.37
0,0307477479,11783,19683,2113,174041,307136,17668,3.67
0,1429959797,55,123,15,25796,44064,2943,3.65
0,0446565504,361,816,35,43209,79437,1858,4.11
0,0345524381,109,161,18,13543,21876,751,3.89
0,0451233166,74031,115900,3377,83222,129953,4091,4.28
0,0061348155,5291,9323,627,7053,12485,754,3.73
0,006208531X,103,154,12,10273,16813,537,4.24
0,1439180989,236,631,26,9502,17967,1050,3.7
0,0345521242,78,139,15,5806,9281,418,4.17
0,0061727679,14604,23144,1383,17849,28509,1557,4.03
0,0316129186,47,106,8,24531,45094,1353,4.05
0,0307595161,145,305,36,22582,34435,2445,3.81
0,0756404738,352355,512383,16850,420187,612355,21602,4.56
0,0525952020,4214,6732,337,4969,7959,384,3.89
0,0441019730,4096,5867,642,75983,106887,3704,4.28
0,1439136807,31826,47307,1296,34664,51667,1522,4.38
0,1426884265,29,48,4,6694,11297,357,4.15
0,1400079144,42,91,1,516461,794652,27103,3.71
0,0425238695,1709,3591,361,40415,65985,5595,3.33
0,1416589643,137426,211948,8287,222972,330542,21218,3.71
0,1429994266,19,33,2,3636,6513,346,3.82
0,0446582638,64,134,13,20222,35213,1657,3.78
0,0553900862,89,157,17,38725,78843,1708,4.0
0,0312663153,1470,3107,172,131752,265881,14340,4.18
0,0553907530,172,318,36,18609,32242,1711,3.76
0,1429960639,181,278,29,122562,178091,2972,4.43
0,159020459X,1679,2832,270,42093,78325,5313,4.15
0,044033974X,509,666,138,96552,143607,6711,4.41
